year,"Current Account, Total, Net","Current Account, Total, Credit","Current Account, Total, Debit","Current Account,  Goods and Services,Goods , Net","Current Account,  Goods and Services, Goods , Credit","Current Account,  Goods and Services, Goods , Debit","Current Account,  Goods and Services, Goods , General merchandise on a balance of payments basis, Net","Current Account,  Goods and Services, Goods , General merchandise on a balance of payments basis, Credit","Current Account,  Goods and Services, Goods , General merchandise on a balance of payments basis, Debit","Current Account,  Goods and Services, Goods , Nonmonetary gold, Net","Current Account,  Goods and Services, Goods , Nonmonetary gold, Credit","Current Account,  Goods and Services, Services, Net","Current Account,  Goods and Services, Services, Manufacturing services on physical inputs owned by others, Debit","Current Account,  Goods and Services, Services, Maintenance and repair services n.i.e., Net","Current Account,  Goods and Services, Services, Transport, Net","Current Account,  Goods and Services, Services, Transport, Credit","Current Account,  Goods and Services, Services, Transport, Debit","Current Account,  Goods and Services, Services, Transport, Other, Net","Current Account,  Goods and Services, Services, Transport, Other, Debit","Current Account,  Goods and Services, Services, Transport, Freight, Net","Current Account,  Goods and Services, Services, Transport, Air Transport, Net","Current Account,  Goods and Services, Services, Transport, Air Transport, Passenger, Net","Current Account,  Goods and Services, Services, Transport, Air Transport, Passenger, Debit","Current Account,  Goods and Services, Services, Transport, Air Transport, Freight, Net","Current Account,  Goods and Services, Services, Transport, Air Transport, Freight, Debit","Current Account,  Goods and Services, Services, Transport, Other mode of Transport, Net","Current Account,  Goods and Services, Services, Transport, Other mode of Transport, Debit","Current Account,  Goods and Services, Services, Transport, Other mode of Transport, Freight, Credit","Current Account,  Goods and Services, Services, Transport, Other mode of Transport, Freight, Debit","Current Account,  Goods and Services, Services, Transport, Other mode of Transport, Other, Net","Current Account,  Goods and Services, Services, Transport, Other mode of Transport, Other, Debit","Current Account,  Goods and Services, Services, Transport, Postal and courier services, Debit","Current Account,  Goods and Services, Services, Construction, Net","Current Account,  Goods and Services, Services, Construction, Construction in reporting economy, Net","Current Account,  Goods and Services, Services, Construction, Construction in reporting economy,  Debit","Current Account,  Goods and Services, Services, Insurance and pension services, Credit","Current Account,  Goods and Services, Services, Insurance and pension services, Direct insurance, Debit","Current Account,  Goods and Services, Services, Financial services, Debit","Current Account,  Goods and Services, Services, Financial services, Explicitly charged and other financial services, Net","Current Account,  Goods and Services, Services, Financial services, Explicitly charged and other financial services, Debit","Current Account,  Goods and Services, Services, Telecommunications, computer, and information services, Credit","Current Account,  Goods and Services, Services, Telecommunications, computer, and information services, Debit","Current Account,  Goods and Services, Services, Telecommunications, computer, and information services, Telecommunications services, Net","Current Account,  Goods and Services, Services, Other Business Services, Research and development services, Net","Current Account,  Goods and Services, Services, Other Business Services, Research and development services, Debit","Current Account,  Goods and Services, Services, Other Business Services, Professional and management consulting services, Net","Current Account,  Goods and Services, Services, Other Business Services, Professional and management consulting services, Debit","Current Account, Primary income, Compensation of employees, Debit","Current Account,  Primary income, Investment income, Net","Current Account, Primary income, Investment income, Other investment, Interest, Memorandum: Interest before FISIM, Net","Current Account, Primary income, Investment income, Other investment, Interest, Memorandum: Interest before FISIM, Debit","Current Account,  Secondary income, Credit","Current Account,  Secondary income, Financial corporations, nonfinancial corporations, households, and NPISHs, Credit","Current Account,  Secondary income, Debit","Current Account,  Secondary income, Financial corporations, nonfinancial corporations, households, and NPISHs, Debit","Exceptional financing, Secondary income","Current Account,  Secondary income, General government, Miscellaneous current transfers of general government, Of which: Current transfers to NPISHs, Net","Current Account,  Secondary income, Financial corporations, nonfinancial corporations, households, and NPISHs, Personal transfers (Current transfers between resident and nonresident households), Debit","Current Account,  Secondary income, Financial corporations, nonfinancial corporations, households, and NPISHs, Personal transfers (Current transfers between resident and nonresident households), Of which: Workers' remittances , Credit","Current Account,  Secondary income, Financial corporations, nonfinancial corporations, households, and NPISHs, Personal transfers (Current transfers between resident and nonresident households), Of which: Workers' remittances, Debit","Exceptional financing, Capital transfers, Debt forgiveness","Financial account, Net lending (+) / net borrowing (-) (balance from financial account)","Financial account, Net lending (+) / net borrowing (-) (balance from financial account), Direct investment, Net acquisition of financial assets","Financial account, Net lending (+) / net borrowing (-) (balance from financial account), Direct investment, Net incurrence of liabilities","Financial account, Net lending (+) / net borrowing (-) (balance from financial account), Direct investment,","Financial account, Net lending (+) / net borrowing (-) (balance from financial account), Direct investment, Net incurrence of liabilities, Equity and investment fund shares, Equity other than reinvestment of earnings","Financial account, Net lending (+) / net borrowing (-) (balance from financial account), Direct investment, Net incurrence of liabilities, Equity and investment fund shares, Equity other than reinvestment of earnings, Direct investor in direct investment","Financial account, Net lending (+) / net borrowing (-) (balance from financial account), Direct investment, Net acquisition of financial assets, Equity and investment fund shares, Equity other than reinvestment of earnings,  Direct investment enterprises","Financial account, Net lending (+) / net borrowing (-) (balance from financial account), Direct investment, Net acquisition of financial assets, Equity and investment fund shares, Reinvestment of earnings","Financial account, Net lending (+) / net borrowing (-) (balance from financial account), Direct investment, Net acquisition of financial assets, Debt instruments","Financial account, Portfolio investment, Net acquisition of financial assets, Debt securities, General government","Financial account, Portfolio investment, Net acquisition of financial assets, Debt securities, Deposit-taking corporations, except central bank, Short-term","Financial account, Portfolio investment, Net acquisition of financial assets, Debt securities, Central bank, Long-term","Financial account, Portfolio investment, Net acquisition of financial assets, Debt securities, General government, Long-term","Financial account, Portfolio investment, Net acquisition of financial assets, Debt securities, General government, Short-term","Financial account, Portfolio investment, Net acquisition of financial assets, Debt securities,Other sectors, Long-term","Financial account, Portfolio investment, Net acquisition of financial assets, Debt securities, Other sectors, Short-term","Financial account, Portfolio investment, Net incurrence of liabilities, Debt securities","Financial account, Portfolio investment, Net incurrence of liabilities, Debt securities, General government","Financial account, Financial derivatives (other than reserves) and employee stock options, Net acquisition of financial assets, Other sectors","Financial account, Financial derivatives (other than reserves) and employee stock options, Net incurrence of liabilities","Financial account, Financial derivatives (other than reserves) and employee stock options, Net incurrence of liabilities, Other sectors, Nonfinancial corporations, households, NPISHs","Financial account, Financial derivatives (other than reserves) and employee stock options","Financial account, Other investment, Net incurrence of liabilities","Financial account, Portfolio investment, Net incurrence of liabilities, Debt securities, General government, Long-term","Financial account, Portfolio investment, Net incurrence of liabilities, Debt securities, General government, Short-term","Financial account, Portfolio investment, Net acquisition of financial assets","Financial account, Portfolio investment, Net incurrence of liabilities","Financial account, Portfolio investment","Financial account, Portfolio investment, Net acquisition of financial assets, Equity and investment fund shares","Financial account, Portfolio investment, Net acquisition of financial assets, Equity and investment fund shares, Central bank","Financial account, Portfolio investment, Net acquisition of financial assets, Equity and investment fund shares, Deposit-taking corporations, except central bank","Current Account,  Secondary income, General government, Miscellaneous current transfers of general government, Credit","Current Account,  Secondary income, General government, Miscellaneous current transfers of general government, Net","Current Account,  Secondary income, General government, Current international cooperation, Credit","Current Account,  Secondary income, General government, Current international cooperation, Net","Current Account, Primary income, Compensation of employees, Net","Current Account,  Goods and Services, Services, Personal, cultural, and recreational services, Other personal, cultural, and recreational services, Debit","Current Account,  Goods and Services, Services, Other Business Services, Debit","Current Account,  Goods and Services, Services, Other Business Services, Credit","Current Account,  Goods and Services, Services, Other Business Services, Net","Current Account,  Goods and Services, Services, Personal, cultural, and recreational services, Net","Current Account,  Goods and Services, Services, Personal, cultural, and recreational services, Credit","Current Account,  Goods and Services, Services, Personal, cultural, and recreational services, Debit","Current Account,  Goods and Services, Services, Personal, cultural, and recreational services, Other personal, cultural, and recreational services, Net","Current Account,  Goods and Services, Services, Personal, cultural, and recreational services, Other personal, cultural, and recreational services, Credit","Exceptional financing, Capital transfers","Capital Account, Capital transfers, General government, Other capital transfers, Credit","Financial account, Portfolio investment, Net incurrence of liabilities, Equity and investment fund shares, Other sectors, Nonfinancial corporations, households, and NPISHs","Financial account, Portfolio investment, Net incurrence of liabilities, Equity and investment fund shares","Financial account, Portfolio investment, Net incurrence of liabilities, Equity and investment fund shares, Other sectors","Financial account, Portfolio investment, Net acquisition of financial assets, Debt securities","Financial account, Portfolio investment, Net acquisition of financial assets, Debt securities, Central bank","Financial account, Other investment, Currency and deposits, Net acquisition of financial assets","Financial account, Other investment, Loans, Net acquisition of financial assets","Financial account, Other investment, Loans, Net acquisition of financial assets, Central bank","Financial account, Other investment, Loans, Net acquisition of financial assets, Deposit-taking corporations, except the central bank","Current Account,  Goods and Services, Services, Credit","Current Account,  Goods and Services, Services, Debit","Current Account,  Goods and Services, Services, Transport, Air Transport, Debit","Current Account,  Goods and Services, Services, Transport, Other mode of Transport, Passenger, Net","Current Account,  Goods and Services, Services, Transport, Other mode of Transport, Passenger, Debit","Current Account,  Goods and Services, Services, Transport, Other mode of Transport, Credit","Current Account,  Goods and Services, Services, Transport, Other mode of Transport, Freight, Net","Current Account,  Goods and Services, Services, Transport, Postal and courier services, Net","Current Account,  Goods and Services, Services, Travel, Net","Current Account,  Goods and Services, Services, Travel, Credit","Current Account,  Goods and Services, Services, Travel, Debit","Current Account,  Goods and Services, Services, Travel, Business, Other, Debit","Current Account,  Goods and Services, Services, Travel, Personal, Net","Current Account,  Goods and Services, Services, Travel, Personal, Credit","Current Account,  Goods and Services, Services, Travel, Personal, Debit","Current Account,  Goods and Services, Services, Travel, Personal, Other,  Net","Current Account,  Goods and Services, Services, Travel, Personal, Other,  Credit","Current Account,  Goods and Services, Services, Travel, Personal, Other,  Debit","Current Account,  Goods and Services, Services, Construction, Debit","Current Account,  Goods and Services, Services, Insurance and pension services, Net","Current Account,  Goods and Services, Services, Insurance and pension services, Reinsurance, Net","Current Account,  Goods and Services, Services, Insurance and pension services, Reinsurance, Debit","Current Account,  Goods and Services, Services, Insurance and pension services, Pension and standardized guaranteed services, Debit","Current Account,  Goods and Services, Services, Insurance and pension services, Pension and standardized guaranteed services, Net","Current Account,  Goods and Services, Services, Financial services, Explicitly charged and other financial services, Credit","Current Account,  Goods and Services, Services, Charges for the use of intellectual property n.i.e., Net","Current Account, Primary income, Investment income, Direct investment, Credit","Current Account, Primary income, Investment income, Direct investment, Debit","Current Account, Primary income, Investment income, Direct investment, Income on equity and investment fund shares, Net","Current Account, Primary income, Investment income, Direct investment, Income on equity and investment fund shares, Credit","Current Account, Primary income, Investment income, Direct investment, Income on equity and investment fund shares, Debit","Current Account, Primary income, Investment income, Direct investment, Income on equity and investment fund shares, Dividends and withdrawals from income of quasi-corporations, Net","Current Account, Primary income, Investment income, Other investment, Interest, Net","Current Account, Primary income, Investment income,  Other investment, Interest, Credit","Current Account, Primary income, Investment income, Other investment, Interest, Debit","Current Account, Primary income, Investment income,  Other investment, Interest, Memorandum: Interest before FISIM, Credit","Current Account,  Secondary income, Net","Current Account,  Secondary income, General government, Net","Current Account,  Secondary income, Financial corporations, nonfinancial corporations, households, and NPISHs, Net","Financial account, Net lending (+) / net borrowing (-) (balance from financial account), Direct investment, Net incurrence of liabilities, Equity and investment fund shares","Financial account, Net lending (+) / net borrowing (-) (balance from financial account), Direct investment, Net acquisition of financial assets, Equity and investment fund shares, Equity other than reinvestment of earnings","Financial account, Net lending (+) / net borrowing (-) (balance from financial account), Direct investment, Net incurrence of liabilities, Equity and investment fund shares, Reinvestment of earnings","Financial account, Net lending (+) / net borrowing (-) (balance from financial account), Direct investment, Net incurrence of liabilities, Debt instruments, Direct investor in direct investment enterprises","Financial account, Portfolio investment, Net acquisition of financial assets, Equity and investment fund shares, General government","Financial account, Financial derivatives (other than reserves) and employee stock options, Other sectors, Nonfinancial corporations, households, NPISHs","Financial account, Financial derivatives (other than reserves) and employee stock options, Net incurrence of liabilities, Other sectors","Financial account, Financial derivatives (other than reserves) and employee stock options,Other sectors","Financial account, Other investment, Net acquisition of financial assets","Financial account, Other investment","Financial account, Other investment, Currency and deposits, Net acquisition of financial assets, Central banks","Financial account, Other investment, Currency and deposits, Net acquisition of financial assets, Central banks, Short-term","Financial account, Other investment, Currency and deposits, Net incurrence of liabilities, Deposit-taking corporations, except central bank, Of which: Interbank positions, Short-term","Financial account, Other investment, Currency and deposits","Financial account, Other investment, Loans, Net acquisition of financial assets, Deposit-taking corporations, except the central bank, Short-term","Financial account, Other investment, Loans, Net incurrence of liabilities","Financial account, Other investment, Loans, Net incurrence of liabilities, Central bank","Financial account, Other investment, Loans","Financial account, Other investment, Loans, Net incurrence of liabilities, Central bank, Credit and loans with the IMF (other than reserves)","Financial account, Other investment, Loans, Insurance, pension, and standardized guarantee schemes, Net acquisition of financial assets","Financial account, Other investment, Loans, Insurance, pension, and standardized guarantee schemes, Net acquisition of financial assets, Other sectors, Other financial corporations","Financial account, Other investment, Loans, Insurance, pension, and standardized guarantee schemes, Net acquisition of financial assets, Other sectors","Financial account, Other investment, Loans, Insurance, pension, and standardized guarantee schemes","Financial account, Other investment, Trade credit and advances","Financial account, Other investment,Other accounts receivable/payable, Net acquisition of financial assets","Financial account, Other investment,Other accounts receivable/payable, Net acquisition of financial assets, Central bank",Exceptional financing,Net lending (+) / net borrowing (-) (balance from current and capital account),"Financial account, Reserve assets, Reserve position in the IMF","Financial account, Reserve assets,Other reserve assets","Financial account, Reserve assets, Special drawing rights","Financial account, Reserve assets, Monetary gold","Exceptional financing, Other investment—liabilities","Financial account, Reserve assets","Financial account, Reserve assets,Other reserve assets, Currency and deposits","Financial account, Reserve assets,Other reserve assets, Currency and deposits, Claims on other entities","Exceptional financing, Other investment—liabilities, Other debt instruments","Exceptional financing, Other investment—liabilities, Other debt instruments, General government"
2000,-438.5,1135.12,1573.62,-212.83,1087.69,1300.52,-206.12,771.57,977.69,0,0,-6.71,0,0,-185.93,4.64,190.58,-55.03,55.03,-72.51,0,0,0,0,0,-185.93,190.58,4.64,77.15,-55.03,55.03,0,-34.7,-34.7,34.7,5.09,19.75,0,0,0,0.06,5,-4.94,0,0,0,0,6.1,-233.17,-161.77,177.6,31.6,0,18,18,31.6,0,18,0,0,0,-210.56,0,121.7,-121.7,45,45,0,0,0,0,0,0,0,0,0,0,0,0,0,0,0,0,335.79,0,0,0,5.62,-5.62,0,0,0,0,0,31.6,31.6,-6.1,0,16.5,0,-16.5,0,0,0,0,0,0,152.7,5.62,5.62,5.62,0,0,29.32,0.23,0,0.23,316.12,322.83,0,-58.4,58.4,4.64,-72.51,0,261.96,305.56,43.6,39.7,167.66,171.56,3.9,167.66,171.56,3.9,34.7,-14.66,0,0,0,0,0,-0.4,0,71.4,-71.4,0,71.4,-17.7,-161.77,15.83,177.6,15.83,13.6,31.6,-18,98.7,0,53.7,23,0,0,0,0,29.55,-306.24,0,0,0,19.4,0.23,335.87,18.7,-335.65,26.12,0,0,0,0,0,0,0,21.6,-285.8,0,223,0,0,-10,223,223,223,-10,-10
2001,-674.43,1154.81,1829.24,-502.46,1102.08,1604.54,-324.86,928.08,1252.94,0,0,-177.6,0,0,-206.8,5.5,212.3,-55.03,55.03,-93.37,0,0,0,0,0,-206.8,212.3,5.5,98.87,-55.03,55.03,0,-33.7,-33.7,33.7,5.6,25.31,0,0,0,4.1,5.5,-1.4,0,0,0,0,8.4,-174.57,-130.97,152.7,31,0,20,20,31,0,20,0,0,0,-513.36,0,145,-145,37.4,37.4,0,0,0,0,0,0,0,0,0,0,0,0,0,0,0,0,353.36,0,0,0,7.52,-7.52,0,0,0,0,0,31,31,-8.4,0,17.3,0,-17.3,0,0,0,0,0,0,222,7.52,7.52,7.52,0,0,144.69,-0.27,0,-0.27,174.01,351.61,0,-58.4,58.4,5.5,-93.37,0,114.37,157.97,43.6,39.7,89.98,93.88,3.9,89.98,93.88,3.9,33.7,-19.71,0,0,0,0,0,-0.4,0,43.6,-43.6,0,43.6,-36.2,-130.97,21.73,152.7,21.73,11,31,-20,44.8,0,7.4,100.2,0,0,0,0,144.42,-208.94,0,0,0,154.3,-0.27,331.97,-126.48,-332.24,-121.4,0,0,0,0,0,0,0,62,-452.43,0,-151.9,0,0,31,-151.9,-151.9,-151.9,31,31
2002,-509.4,1381.53,1890.93,-320.5,1243.83,1564.32,-194.42,1009.58,1203.99,0,0,-126.08,0,0,-208.59,6.02,214.61,-58,58,-88.99,0,0,0,0,0,-208.59,214.61,6.02,95.01,-58,58,0,-35.6,-35.6,35.6,6.2,24.32,0,0,0,4.3,5.8,-1.5,0,0,0,0,17.5,-247.5,-130.7,172.3,96.1,0,20,20,96.1,0,20,0,0,0,-250.36,0,298.39,-298.39,233.2,233.2,0,0,0,0,0,0,0,0,0,0,0,0,0,0,0,0,162.1,0,0,0,-0.26,0.26,0,0,0,0,0,96.1,96.1,-17.5,0,18.3,0,-18.3,0,0,0,0,0,0,236,-0.26,-0.26,-0.26,0,0,43.27,0,0,0,234.25,360.33,0,-61.6,61.6,6.02,-88.99,0,169.72,216.82,47.1,43,124.76,128.86,4.1,124.76,128.86,4.1,35.6,-18.12,0,0,0,0,0,-0.4,0,116.8,-116.8,0,116.8,-62.2,-130.7,41.6,172.3,41.6,76.1,96.1,-20,287.8,0,54.6,10.59,0,0,0,0,43.27,-118.83,0,0,0,22.51,0,129.33,-54.68,-129.33,-49.61,0,0,0,0,0,0,0,108.1,-273.4,0,166.6,0,0,12,166.6,166.6,166.6,12,12
2003,-506.42,1538.09,2044.5,-387.94,1404.26,1792.19,-282.99,1109.54,1392.53,0,0,-104.95,0,0,-211.55,6.64,218.19,-42,42,-103.25,0,0,0,0,0,-211.55,218.19,6.64,109.89,-42,42,0,-39.9,-39.9,39.9,6.8,28.13,0,0,0,4.5,6.4,-1.9,0,0,0,0,17.2,-148.08,-103.17,135.7,101.3,36.3,54.5,54.5,65,0,54.5,0,0,0,-325.72,0,347,-347,280.76,280.76,0,0,0,0,0,0,0,0,0,0,0,0,0,0,0,0,-12.99,0,0,0,2.25,-2.25,0,0,0,0,0,65,65,-17.2,0,29.5,0,-29.5,0,0,0,0,0,0,240,2.25,2.25,2.25,0,0,97.14,0,0,0,294.71,399.66,0,-66.3,66.3,6.64,-103.25,0,214.13,275.67,61.54,43.08,143.3,161.76,18.46,143.3,161.76,18.46,39.9,-21.33,0,0,0,0,0,-0.4,0,44.91,-44.91,0,44.91,-21.05,-103.17,32.53,135.7,32.53,46.8,65,-18.2,304.62,0,23.86,42.38,0,0,0,0,97.14,110.13,0,0,0,95.05,0,-64.52,-250.4,64.52,-244,0,0,0,0,-0.45,0,0,114,-266.42,0,-86.6,0,0,49,-86.6,-86.6,-86.6,49,49
2004,-187.67,2443.12,2630.79,159.13,2318.62,2159.49,144.46,1871.4,1726.94,0,0,14.67,0,0,-198.87,11.3,210.17,-43,43,-124.97,0,0,0,0,0,-198.87,210.17,11.3,136.27,-43,43,0,-23.4,-23.4,23.4,10.5,34.89,0,0,0,10.3,6.7,3.6,0,0,0,0,12.2,-363.2,-99.2,131.2,92.5,48.4,63.9,63.9,44.1,0,63.9,0,0,0,44.47,0,364.04,-364.04,255.96,255.96,0,0,0,0,0,0,0,0,0,0,0,0,0,0,0,0,-95.72,0,0,0,-0.08,0.08,0,0,0,0,0,44.1,44.1,-12.2,0,67,0,-67,0,0,0,0,0,0,239,-0.08,-0.08,-0.08,0,0,271.36,0,0,0,447.22,432.55,0,-30.9,30.9,11.3,-124.97,0,283.53,344.02,60.49,42.34,184.51,202.66,18.15,184.51,202.66,18.15,23.4,-24.39,0,0,0,0,0,-0.4,0,264,-264,0,264,-198.4,-99.2,32,131.2,32,28.6,44.1,-15.5,321.56,0,65.6,42.48,0,0,0,0,271.36,367.08,0,0,0,265.15,0,-102.41,-15.54,102.41,-9.55,0,0,0,0,-0.48,0,0,44.1,51.33,0,41.35,0,0,0,41.35,41.35,41.35,0,0
2005,-232.09,3025.58,3257.67,254.76,2827.68,2572.92,110.77,2271.51,2160.75,6.7,6.7,137.29,0,0,-233.34,13.67,247.01,-46.5,46.5,-156.84,0,0,0,0,0,-233.34,247.01,13.67,170.51,-46.5,46.5,0,-35.4,-35.4,35.4,8,12.34,2.6,-2.6,2.6,12,6.7,5.3,0,0,0,0,16.7,-577.15,-116.1,130,184,52.9,77,77,131.1,0,77,0,0,2273,2217.3,0,356.94,-356.94,268.5,268.5,0,0,0,0,0,0,0,0,0,0,117.07,117.07,0,0,0,0,-2083.61,28.56,88.51,0,122.4,-122.4,0,0,0,0,0,131.1,131.1,-16.7,0,26,3,-23,0,0,0,0,0,2273,287,5.33,5.33,5.33,0,0,519.75,0,0,0,549.47,412.18,0,-30,30,13.67,-156.84,0,390.17,446.8,56.63,39.64,254.27,271.26,16.99,254.27,271.26,16.99,35.4,-4.34,0,0,0,0,0,-0.4,0,461.05,-461.05,0,461.05,-400.8,-116.1,13.9,130,13.9,107,131.1,-24.1,328.75,0,60.25,28.19,0,0,0,0,519.75,2603.36,15.68,15.68,0,509.79,0,-2095.71,-242.46,2095.71,-236.19,0,0,0,0,-2.14,0,0,2404.1,2327.91,0,93.27,0,0,0,93.27,93.27,93.27,0,0
2006,592.58,5021.78,4429.2,1397.3,4547.06,3149.76,1330.48,3966.28,2635.8,18.5,18.5,48.33,0,0,-259.59,24,283.59,-46.5,46.5,-183.99,0,0,0,0,0,-259.59,283.59,24,207.99,-46.5,46.5,0,-82.2,-82.2,82.2,8.5,15.05,3.12,-3.12,3.12,21.2,8.18,13.02,0,0,0,0,22.72,-1144.29,-37.27,57,454.99,57.7,92.7,92.7,116.29,188.8,92.7,0,0,2403.4,3014.45,0,615.79,-615.79,50,50,0,0,0,0,0,0,0,0,0,0,48.45,48.45,0,0,0,0,-2289.07,15.62,32.83,0,50.42,-50.42,0,0,0,188.8,188.8,208.49,208.49,-22.72,0,31.6,3,-28.6,0,0,0,0,0,2403.4,229.4,1.97,1.97,1.97,0,0,1127.65,0,0,0,562.28,513.96,0,-29.1,29.1,24,-183.99,0,442.27,505.58,63.31,44.32,321.41,340.41,18.99,321.41,340.41,18.99,82.2,-6.55,0,0,0,0,0,-0.4,0,1107.02,-1107.02,0,1107.02,-722.6,-37.27,19.73,57,19.73,362.29,397.29,-35,434.42,0,384.42,181.37,0,0,0,0,1127.65,3416.72,22.61,22.61,0,1125.58,0,-2365.11,-557.67,2365.11,-557.67,0,0,0,0,-73.97,0,0,2519.69,3225.38,0,263.95,0,0,0,263.95,263.95,263.95,0,0
2007,-174.04,5888.76,6062.8,781.59,5227.13,4445.54,919.05,4529.6,3610.55,26,26,-163.47,0,0,-340.08,27.43,367.51,-36,36,-257.48,-4.69,-4.69,4.69,0,0,-335.38,362.81,27.43,284.91,-36,36,0,-282.4,-282.4,282.4,9.5,20.62,3.8,4.7,3.8,23.62,12.35,11.28,0,0,0,0,28.03,-1458.09,15.51,19.73,626.39,59.3,95.9,95.9,146.59,264.5,95.9,0,0,0,-16.98,0,1323.9,-1323.9,131.6,131.6,0,0,0,0,0,0,0,0,0,0,38,38,0,0,0,0,618.56,23.1,14.9,0,41.8,-41.8,0,0,0,264.5,264.5,302.59,302.59,-28.03,0,46.34,3,-43.34,0,0,0,0,0,0,222.8,3.8,3.8,3.8,0,0,1614.97,0,0,0,671.53,834.99,4.69,-41.9,41.9,27.43,-257.48,0,526.76,599.47,72.72,50.9,312.58,334.4,21.81,312.58,334.4,21.81,282.4,-11.12,0,0,0,0,8.5,-1.17,0,1473.6,-1473.6,0,1473.6,-697.2,15.51,35.24,19.73,35.24,530.49,567.09,-36.6,908,0,776.4,415.9,0,0,0,0,1614.97,996.42,21.53,21.53,0,1618.43,0,621.32,41.82,-621.32,41.82,0,0,0,0,-0.7,0,0,146.59,48.76,0,352.3,0,0,0,352.3,352.3,352.3,0,0
2008,-596.56,6331.56,6928.12,242.64,5631.63,5388.99,414.75,4969,4554.25,44.1,44.1,-216.21,0,0,-409.02,30.1,439.11,-34.23,34.23,-329.28,-2.35,-2.35,2.35,0,0,-406.67,436.77,30.1,359.38,-34.23,34.23,0,-150.03,-150.03,150.03,10.12,26.01,4.26,4.75,4.26,23.96,12.56,11.4,0,0,0,0,28.6,-1370.7,-24.59,54.13,670.39,68.2,110.29,110.29,171,281.09,110.29,0,0,0,-380.26,0,938.6,-938.6,71,71,0,0,0,0,0,0,0,0,0,0,-0.4,-0.4,0,0,0,0,-70.3,37.8,-38.2,0,-6.07,6.07,0,0,0,281.09,281.09,321.1,321.1,-28.6,4,50.04,3.09,-46.95,-4,0,4,-4,0,0,230,-5.67,-5.67,-5.67,0,0,453.36,0,0,0,618.53,834.74,2.35,-43.16,43.16,30.1,-329.28,0,424.6,542.25,117.65,82.35,280.35,315.65,35.29,280.35,315.65,35.29,150.03,-15.89,0,0,0,0,9.01,-1.29,0,1346.11,-1346.11,0,1346.11,-814.31,-24.59,29.54,54.13,29.54,560.1,602.19,-42.09,602.8,0,531.8,335.8,0,0,0,0,453.36,523.65,-23.8,-23.8,0,447.63,0,-76.03,15.92,76.03,15.92,0,0,0,0,0,0,0,171,-366.56,0,28.62,0,0,0,28.62,28.62,28.62,0,0
2009,923.52,5476.79,4553.27,815.26,4900.43,4085.17,921.89,4335.29,3413.4,36.6,36.6,-143.23,0,0,-318.94,26.22,345.15,-28.86,28.86,-243.14,-2.49,-2.49,2.49,0,0,-316.45,342.67,26.22,269.36,-28.86,28.86,0,-119.13,-119.13,119.13,5.99,19.49,4.26,-4.26,4.26,18.85,11.92,6.93,0,0,0,0,28.6,-390.03,-124.63,130.13,570.86,59.13,43.97,43.97,198.42,207.4,43.97,0,0,0,1141.79,269.56,694.8,-425.24,419.2,419.2,0,0,269.56,0,0,0,0,0,0,0,-61.8,-61.8,-127.6,92,92,-219.6,1049.82,-18.2,-43.6,0,-74.9,74.9,0,0,0,207.4,207.4,304.33,304.33,-28.6,4,40,3.24,-36.76,-4,0,4,-4,0,0,237.31,-13.1,-13.1,-13.1,0,0,1978.84,0,0,0,528.54,671.77,2.49,-44.45,44.45,26.22,-243.14,0,378.43,474.25,95.81,67.07,231.35,260.09,28.74,231.35,260.09,28.74,119.13,-13.5,0,0,0,0,0,-0.44,0,265.4,-265.4,0,265.4,-213,-124.63,5.5,130.13,5.5,526.89,511.73,15.16,471.6,0,52.4,223.2,0,-219.6,92,-219.6,1978.84,929.02,64.52,64.52,0,1965.44,0,409.12,242.33,-409.12,242.33,0,0,0,0,0,0,0,198.42,1160.83,0,155.41,627.3,0,0,782.71,155.41,155.41,0,0
2010,1542.2,8567,7024.8,2456.41,8054.34,5597.93,2663.72,7373.62,4709.9,109.87,109.87,-317.18,0,0,-429.48,44.75,474.22,-40.19,40.19,-326.91,-2.64,-2.64,2.64,0,0,-426.84,471.59,44.75,371.66,-40.19,40.19,0,-156,-156,156,7.3,26.9,5.2,-5.2,5.2,23.1,14.6,8.5,0,0,0,0,28.9,-1334.1,-31.4,39.8,504.26,76.99,55.47,55.47,148.28,189.89,55.47,0,0,0,1647.71,1095.4,1729.3,-633.9,432.7,432.7,0,0,1095.4,0,0,0,0,0,0,0,-26.9,-26.9,76.7,302.4,302.4,-225.7,266.75,-51.2,24.3,0,73.63,-73.63,0,0,0,189.89,189.89,237.38,237.38,-28.9,4.9,62.5,4,-58.5,-4.9,0,4.9,-4.9,0,0,149.7,100.53,100.53,100.53,0,0,2709.59,0,0,0,570.85,888.03,2.64,-59.74,59.74,44.75,-326.91,0,387.2,491.71,104.51,73.16,194.94,226.3,31.35,194.94,226.3,31.35,156,-19.6,0,0,0,0,0,-0.5,0,1302.7,-1302.7,0,1302.7,-507.5,-31.4,8.4,39.8,8.4,448.79,427.27,21.52,1227.9,0,795.2,501.4,0,-225.7,302.4,-225.7,2709.59,2442.84,23.71,23.71,0,2677.38,0,228.54,54.77,-228.54,54.77,0,0,0,0,-6,0,0,148.28,1691.9,0,138.09,0,0,0,138.09,138.09,138.09,0,0
2011,1089.92,9871.93,8782.01,1871.75,9418.99,7547.25,2196.33,8650.56,6454.22,103.03,103.03,-427.62,0.15929,-12.72,-613.33,52.52,665.85,-42.6,42.6,-458.26,-50.28,-48.82,48.82,-1.46,1.46,-563.03,615.55,52.52,509.32,-42.6,42.6,0.02,-78.15,-78.15,78.15,7.63,36.86,5.51,-5.51,5.51,26.11,31.69,17.7,-0.1,0.1,-26.3,26.3,28.9,-1128.08,-35.58,46.7,441.81,68.57,66.66,66.66,134.34,227,66.66,0,0,0,1306.39,-1.4,1108.5,-1109.9,65.4,65.4,0,0,-1.4,0,0,0,0,0,0,0,46.11,46.11,34.65,-119.6,-119.6,154.25,232.74,87.76,-41.65,0,70.71,-70.71,0,0,0,227,227,146.24,146.24,-28.9,4,46.12,4.29,-41.83,15.9,19.9,4,15.9,19.9,0,151,24.6,24.6,24.6,0,0,2295.09,0,0,0,665.4,1093.02,50.28,-63.62,63.62,52.52,-456.8,-0.02,444.02,554.96,110.94,77.66,205.86,239.14,33.28,205.86,239.14,33.28,78.15,-85.51,-56.41,56.24,0.05,-0.05,0,-3.73,0,1092.5,-1092.5,0,1092.5,-216.2,-35.58,11.13,46.7,11.13,375.15,373.24,1.91,941.7,0,876.3,166.8,0,154.25,-119.6,154.25,2295.09,2062.35,-42.1,-42.1,0,2399.91,0,326.67,26.6,-326.67,26.6,0,0,0,0,-10.9,0,0,134.34,1240.92,0,270.4,0,0,0,270.4,270.4,270.4,0,0
2012,1262.4,11041.68,9779.27,1251.41,10510.88,9259.48,1470.99,9396.52,7925.53,124.27,124.27,-343.85,0,-17.45,-767.69,57.06,824.75,-45.16,45.16,-584.05,-86.33,-70.63,70.63,-15.7,15.7,-681.27,738.33,57.06,625.41,-45.16,45.16,0.09,-47.93,-47.93,47.93,337.32,45.26,29.24,-29.24,29.24,27.66,13.65,22.17,-2.83,2.83,-31.99,31.99,28.9,-403.08,-65.36,75.45,520.7,71.67,77.73,77.73,123.87,260.16,77.73,0,0,0,1460.46,-701.9,1731.5,-2433.4,350.7,350.7,0,0,-701.9,0,0,0,0,0,0,0,802.03,802.03,13.63,2.8,2.8,10.83,706.71,741.07,60.96,-104.7,794.63,-899.32,-104.7,0,0,260.16,260.16,188.87,188.87,-28.9,4,69.28,4.5,-64.78,28.1,32.1,4,28.1,32.1,0,223,-7.41,-7.41,-7.41,0,0,5193.27,0,0,0,990.09,1333.94,86.33,-67.76,67.76,57.06,-568.35,-0.09,353.05,518.05,165,115.5,183.47,232.97,49.5,183.47,232.97,49.5,47.93,221.91,197.08,69.81,0.33,-0.33,0,-3.77,0,337.72,-239.22,0,239.22,-614.82,-65.36,10.09,75.45,10.09,442.97,449.03,-6.06,-24.9,0,-375.6,1756.4,0,10.83,2.8,10.83,5199.27,4492.56,432.18,432.18,0,5054.28,0,567.72,-4.79,-567.72,-4.79,6,6,6,6,0,0,0,123.87,1485.4,0,289.79,0,0,0,289.79,289.79,289.79,0,0
2013,-175.01,12079.79,12254.81,589.78,11601.39,11011.62,1462.37,10657.75,9195.38,185.62,185.62,-1058.22,1.76,-11.94,-872.42,64.74,937.16,-47.87,47.87,-677.52,-91.51,-74.87,74.87,-16.64,16.64,-780.91,845.65,64.74,725.62,-47.87,47.87,0,-56.67,-56.67,56.67,75.12,52.52,20.63,-20.63,20.63,29.32,35.13,5.47,0,0,-345.69,345.69,28.9,-1119.95,-77.71,83.02,473.09,76.65,89.04,89.04,57,273.44,89.04,0,0,0,123.91,409.4,2099.9,-1690.5,334.5,334.5,0,0,409.4,0,0,0,0,0,0,0,84.43,84.43,0.2,3.6,3.6,-3.4,11.22,31.72,52.71,-6.5,89.9,-96.4,-6.5,0,0,273.44,273.44,123,123,-28.9,4,375.54,4.73,-370.81,28.6,32.6,4,28.6,32.6,0,278,5.47,5.47,5.47,0,0,2132.03,0,0,0,758.02,1816.24,91.51,-72.16,72.16,64.74,-660.88,0,341.85,551.51,209.66,146.76,175.9,238.8,62.9,175.9,238.8,62.9,56.67,-40.77,3.65,63.02,0.35,-0.35,0,-1.77,0,1098.28,-1019.58,0,1019.58,-984.48,5.31,5.31,0,5.31,384.05,396.44,-12.39,369.7,0,35.2,1730.2,0,-3.4,3.6,-3.4,2130.93,2119.71,-154.7,-154.7,0,2200.52,0,79.7,-15.34,-79.7,-15.34,-1.1,-1.1,-1.1,-1.1,0,0,0,57,102.99,0,-205.51,0,0,0,-205.51,-205.51,-205.51,0,0
2014,604.23,11453.61,10849.38,831.84,11071.02,10239.18,1473.17,10067.97,8594.79,152.18,152.18,-793.52,1.8832,-12.72,-841.7,61.12,902.82,-50.74,50.74,-634.74,-97,-79.36,79.36,-17.64,17.64,-744.7,805.82,61.12,678.22,-50.74,50.74,0,-52.71,-52.71,52.71,79.46,49.09,30.95,-30.95,30.95,31.08,39.78,3.25,0,0,-172.85,172.85,28.9,-523.06,-154.78,160.51,376.65,58.3,52.3,52.3,23,247.35,52.3,0,0,0,856.22,-1706.13,1488.78,-3194.92,108.52,108.52,0,0,-1706.13,0,0,0,0,0,0,0,1178.69,1178.69,1.36,26.8,26.8,-25.44,584.9,1109.44,69.25,-11.72,1184.82,-1196.53,-11.72,0,0,247.35,247.35,71,71,-28.9,4,210.29,4.96,-205.32,28.7,32.7,4,28.7,32.7,0,202,6.13,6.13,6.13,0,0,5542.88,0,0,0,850.87,1644.39,97,-76.85,76.85,61.12,-617.11,0,419.31,641.54,222.24,155.56,211.11,277.78,66.67,211.11,277.78,66.67,52.71,-36.81,3.87,66.81,0.38,-0.38,0,-1.89,0,357,-357,0,357,-269.9,-166.27,5.73,172,5.73,324.35,318.35,6,195.62,0,87.1,1293.16,0,-25.44,26.8,-25.44,5542.88,4957.98,125.7,125.7,0,5358.98,0,466.9,-29.47,-466.9,-29.47,0,0,0,0,55.3,0,0,23,806.23,0,315.14,0,0,0,315.14,315.14,315.14,0,0
2015,-570.7789589,8500.57145,9071.350409,-385.3418076,8223.465324,8608.807132,13.5181601,7210.185293,7196.667133,151.7679572,151.7679572,-550.6279248,1.996192,-13.5426465,-762.6990852,43.65460921,806.3536944,-53.78542712,53.78542712,-542.938475,-102.8208227,-84.12473823,84.12473823,-18.69608442,18.69608442,-659.8782625,703.5328717,43.65460921,567.8969998,-53.78542712,53.78542712,0,-50.3574603,-50.3574603,50.3574603,84.05214837,41.10096563,39.56318043,-39.56318043,39.56318043,32.94730309,45.41933004,0.261965056,0,0,-33.74860706,33.74860706,29.9,-382.1040864,-350.1075824,356.3,268.771634,47.04653813,42.20469887,42.20469887,0,205.7250958,42.20469887,0,0,0,-472.401932,125.089878,1304.866667,-1179.776789,379,379,-2.3,-5.9,101.489878,0,0,0,0,0,0,0,1206.825011,1206.825011,4.354110985,-13.73451774,-13.73451774,18.08862872,1089.28688,1310.05113,-103.2261187,-14.94110301,1207.007771,-1221.948874,-14.94110301,0,0,205.7250958,205.7250958,16,16,-29.9,4,50.33500706,5.211113229,-45.12389383,31.5,35.5,4,31.5,35.5,0,81,0.18276,0.18276,0.18276,0,0,3500.265744,-0.03580701,0,0,861.5120741,1412.139999,102.8208227,-81.85044484,81.85044484,43.65460921,-524.2423905,0,425.6884949,660.1469002,234.4584052,164.1208837,215.5021827,285.8397042,70.33752157,215.5021827,285.8397042,70.33752157,50.3574603,-28.26143665,4.104890015,70.81398157,0.398637819,-0.398637819,0,-2.0170035,0,34.13857774,-34.13857774,0,34.13857774,-103.9719111,-350.1075824,6.1924176,356.3,6.1924176,226.5669351,221.7250958,4.841839259,309.1666667,29.5,-69.83333333,995.7,0,18.08862872,-13.73451774,18.08862872,3500.265744,2410.978864,223.1593299,223.1593299,0,3306.985899,-0.04,-681.2966885,-52.83800065,681.2608815,-52.83800065,0,0,0,0,-49.3943109,0,0,0,-489.7789589,0,-446.096972,-53.64678967,0,0,-499.7437617,-446.096972,-446.096972,0,0
2016,-684.3709737,7743.463956,8427.83493,-249.1592426,7420.052069,7669.211311,47.1507549,6343.579286,6296.428531,191.24,191.24,-487.5499975,2.11596352,-14.42291852,-711.6903497,38.34117024,750.0315199,-57.01255275,57.01255275,-478.3348507,-108.990072,-89.17222253,89.17222253,-19.81784949,19.81784949,-602.7002777,641.0414479,38.34117024,496.8581714,-57.01255275,57.01255275,0,-49.24096504,-49.24096504,49.24096504,88.91261173,35.95960294,31.44317643,-31.44317643,31.44317643,34.92414128,52.17721456,-3.691371799,0,0,-35.94226651,35.94226651,28.9,-618.2027905,-171.2021552,177.8899662,246.3968958,38.464441,34.50583644,34.50583644,0,207.9324548,34.50583644,0,0,0,-604.6270579,176.7197675,662.9068877,-486.1871201,142.5913097,142.5913097,3.825452765,61.37495658,111.5193582,0,0,0,0,0,0,0,386.6976261,386.6976261,-8.845889015,6.5,6.5,-15.34588902,655.0494284,452.406017,-65.70839093,-27.04663242,389.6833241,-416.7299565,-27.04663242,0,0,207.9324548,207.9324548,0,0,-28.9,4,53.52385051,4.96296498,-48.56088553,31.5,35.5,4,31.5,35.5,0,55,2.985698,2.985698,2.985698,0,0,1294.319565,0,0,0,885.232783,1372.78278,108.990072,-87.17072376,87.17072376,38.34117024,-458.5170012,0,435.2382772,682.5918948,247.3536175,173.1475323,221.3521689,295.5582542,74.20608526,221.3521689,295.5582542,74.20608526,49.24096504,-22.53236776,4.351183416,75.06282046,0.422556088,-0.422556088,0,-2.138070836,61.37495658,279.8902818,-162.2225453,61.37495658,223.5975019,-98.99929772,-171.2021552,6.687811008,177.8899662,6.687811008,211.8910594,207.9324548,3.958604563,267.1895139,3.825452765,124.5982042,-30.24979156,0,-15.34588902,6.5,-15.34588902,1294.319565,639.270137,-284.9463257,-284.9463257,0,1122.796135,0,-485.2012565,-68.80524873,148.8031669,-68.80524873,0,0,0,0.768551439,7.888460523,0,0,0,-629.3709737,0,-249.6663725,-75.96785678,0,0,-325.6342293,-249.6663725,-249.6663725,0,0
2017,-435.005245,9602.141581,10037.14683,350.8694191,9080.489945,8729.620526,804.1306793,8059.499658,7255.368979,156.05,156.05,-609.3112602,2.242921331,-15.36040823,-792.5274298,48.80140093,841.3288307,-60.43330592,60.43330592,-544.7347472,-115.5294763,-94.52255588,94.52255588,-21.00692046,21.00692046,-676.9979534,725.7993543,48.80140093,572.5292276,-60.43330592,60.43330592,0,-49.09196579,-49.09196579,49.09196579,85.32185585,41.43621839,39.8034361,-39.8034361,39.8034361,37.01958975,60.29877616,-8.835974327,0,0,-38.27851384,38.27851384,31.69844854,-1113.012139,-132.7945968,138.8009308,448.5080953,93.64409526,89.67217213,89.67217213,0,354.864,89.67217213,0,0,0,-345.8555484,-72.0478702,1107.519805,-1179.567675,-90.63452001,-90.63452001,1.701398196,56.81748948,-130.5667579,0,0,0,0,0,43.88956998,0,281.1533047,283.9613695,79.08659316,147.3351366,147.3351366,-68.24854347,571.6727503,276.0652274,7.896142104,43.88563182,278.6467797,-234.7611479,43.88563182,0,0,354.864,354.864,0,0,-31.69844854,4,56.91499288,5.745252335,-51.16974054,31.5,35.5,4,31.5,35.5,0,58.44565572,-2.506525,-2.506525,-2.506525,43.88956998,0,1763.694298,457.9959611,0,0,864.9402869,1474.251547,115.5294763,-92.8368208,92.8368208,48.80140093,-523.7278267,0,429.2643598,652.5521881,223.2878283,156.3014798,215.5648903,282.5512388,66.9863485,215.5648903,282.5512388,66.9863485,49.09196579,-36.12886168,-4.123286006,79.56658969,0.447909454,-0.447909454,0,-2.287735795,58.18498348,809.9172491,-677.7182082,57.34498348,735.0631917,-87.65536219,-132.7945968,6.006334004,138.8009308,6.006334004,358.8359231,354.864,3.971923128,546.9788212,1.701398196,646.8803355,1127.663234,0,-68.24854347,147.3351366,-68.24854347,1763.694298,1192.021547,-235.0052829,-235.0052829,0,1325.899232,0,-113.9053109,-73.60127784,64.41034166,-73.60127784,0,0,0,0,-20.24720028,0.274826162,0,0,-376.5595893,0,11.90266688,-67.20239619,0,0,-55.2997293,11.90266688,11.90266688,0,0
2018,-341.5253534,10384.90816,10726.43351,-210.4189038,9982.606351,10193.02525,513.9037756,9029.401556,8515.497781,147.986,147.986,-724.3226793,8.100520016,-13.04295292,-903.5835979,53.77555699,957.3591549,-64.05930427,64.05930427,-640.4591702,-122.4612449,-100.1939092,100.1939092,-22.26733569,22.26733569,-781.122353,834.89791,53.77555699,671.9673915,-64.05930427,64.05930427,0,-42.60216789,-42.60216789,42.60216789,81.94483276,48.63295399,26.354112,-22.70944211,26.354112,29.99064089,71.61487942,-14.40021863,-3.839643994,3.839643994,-37.31685972,37.35611964,33.9705764,-373.0604407,-353.0606336,358.0482457,373.9553551,106.9656259,98.03078766,98.03078766,0,266.9897263,98.03078766,0,0,0,99.89477337,45.3227673,408.4384917,-363.1157244,77.25061723,77.25061723,0,0,45.28889617,0,0,0,0,0,5.393460219,0,-227.380359,-227.4565913,-1.481028206,30.5036452,30.5036452,-31.98467341,1273.136751,-221.5031758,-5.953415531,5.393460219,-232.736515,238.1299752,0,0,0,266.9897263,266.9897263,0,0,-33.9705764,4,60.95043142,6.071774867,-54.87865655,31.5,35.5,4,31.5,35.5,0,66.18072529,-5.356156,-5.356156,-5.356156,5.393460219,0,1385.290371,73.51404585,0,0,953.204795,1677.527474,122.4612449,-98.87121415,98.87121415,53.77555699,-618.1918345,0,462.899595,742.1923732,279.2927782,195.5049447,237.5770755,321.3649089,83.78783346,237.5770755,321.3649089,83.78783346,42.60216789,-35.50349033,3.330553428,68.34058507,0.474784021,-0.474784021,3.644669891,-35.0022377,0.831234568,-194.0788515,297.3433569,-0.042365432,-297.3857224,-282.1927256,-353.0606336,4.987612094,358.0482457,4.987612094,275.9245646,266.9897263,8.934838285,-502.2808457,0.033871134,-579.578448,1336.003989,0,-31.98467341,30.5036452,-31.98467341,1591.377753,318.241002,-56.52858352,-56.52858352,0,1279.399088,0,1213.458412,-61.37580599,-1139.944366,-61.37580599,0,0,0,0,297.4493358,0,0,0,-275.5992712,0,-385.6197877,-63.54002147,0,0,-449.1598092,-385.6197877,-385.6197877,0,0
2019,140.7123353,8692.124504,8551.412169,222.1697877,8257.880171,8035.710383,744.3454761,7246.057821,6501.712345,196.389,196.389,-522.1756885,6.145901819,-17.55661166,-774.8163285,42.56686499,817.3831935,-67.90286253,67.90286253,-494.0938561,-129.8089196,-106.2055438,106.2055438,-23.60337583,23.60337583,-645.0074089,687.5742739,42.56686499,513.0573453,-67.90286253,67.90286253,0,-37.88839945,-37.88839945,37.88839945,86.65604884,52.64549885,30.72848751,-27.07829686,30.72848751,18.51637814,74.77479845,-36.60117361,-4.425581723,4.425581723,-33.83508131,33.86769154,37.1695806,-366.7384736,-385.567387,394.3840038,389.0877451,98.25912081,66.63714326,66.63714326,0,290.828574,66.63714326,0,0,0,235.2626873,696.2135365,547.9679096,148.2456269,76.59782507,76.54919551,-0.382515682,0.059101843,696.1544346,0,0,0,0,0,0,0,-51.72376178,-51.72376178,-41.38016748,42.50744118,42.50744118,-83.88760865,369.1867555,-50.43413523,-1.289626546,0,-53.02877678,53.02877678,0,0,0,290.828574,290.828574,0,0,-37.1695806,4.839080074,59.76290051,5.568000922,-54.19489958,30.66091993,35.5,4.839080074,30.66091993,35.5,0,96.57024518,-1.305015,-1.305015,-1.305015,0,0,201.8890097,4.711815917,0,0,1011.82235,1533.998038,129.8089196,-106.6140661,106.6140661,42.56686499,-470.4904803,0,520.8204647,819.2224141,298.4019494,208.8813645,265.1978763,354.7184611,89.52058481,265.1978763,354.7184611,89.52058481,37.88839945,-22.33374126,20.13038663,55.84102018,0.503271062,-0.503271062,3.650190654,-16.9030787,12.50013773,-199.7675642,315.4421079,2.869023843,-312.573084,-66.83926178,-385.567387,8.816616753,394.3840038,10.9298142,322.4505516,290.828574,31.62197755,-305.6244428,-0.323413839,-382.2222678,776.0129394,0,-87.09793062,42.50744118,-87.09793062,531.2479678,162.0612123,24.25156434,24.25156434,0,239.1062948,0,441.4626607,-44.18531995,-436.7508448,-44.18531995,0,0,0,-13.35025089,212.8407947,166.8747396,0,0,237.2825805,0,-94.90948224,-48.785397,0,0,-143.6948792,-94.90948224,-94.90948224,0,0
2020,2253.743573,8877.776889,6624.033317,2581.56779,8556.655624,5975.087834,3216.007807,8002.853405,4786.845598,220.452,220.452,-634.440017,14.56639613,-15.95162834,-606.5295254,46.16506183,652.6945872,-26.48025488,26.48025488,-339.7749125,-220.4611695,-212.2565,212.2565,-8.204669504,8.204669504,-386.0683559,432.2334177,46.16506183,377.7353048,-26.48025488,26.48025488,0,-20.29255036,-20.29255036,20.29255036,49.5242903,26.88774938,13.49180032,-11.87251527,13.49180032,18.68109803,31.79396069,1.308624381,-3.535122612,3.535122612,-67.39746686,67.44149066,24.56614538,-524.4757679,-201.6927582,212.1364701,285.1624366,134.8648317,63.9447407,63.9447407,0,150.2976049,63.9447407,0,0,0,2785.489297,26.16554425,-172.7528133,198.9183576,-9.528615284,-9.528615284,0,-1.264165274,27.42970952,0,0,0,0,0,0,38.14247206,233.9559305,230.8846805,75.49933301,65.12947066,65.12947066,10.36986235,-50.8100452,170.6323246,60.25235589,38.14247206,232.5480155,-194.4055434,0,0,0,150.2976049,150.2976049,0,0,-24.56614538,1.449098376,92.81633646,9.99931779,-82.81701867,14.76411541,16.21321378,1.449098376,14.76411541,16.21321378,0,79.8415622,-1.407915041,-1.407915041,-1.407915041,38.14247206,0,2795.037168,-5.313350777,0,0.667823632,553.8022195,1188.242237,220.4611695,-28.017858,28.017858,46.16506183,-331.570243,0,177.6281996,411.5564003,233.9282008,163.7497405,108.0230275,178.2014878,70.17846023,108.0230275,178.2014878,70.17846023,20.29255036,-8.750283088,12.98961078,30.99472657,0.392097444,-0.392097444,1.619285055,-14.3384963,8.138327783,237.1873418,-21.35204342,-0.140196474,21.21184694,-127.4767259,-201.3621856,10.44371197,211.8058975,14.57907772,221.2176959,150.2976049,70.92009102,-116.917463,0,-107.3888478,100.0149828,0,65.12947066,65.12947066,10.36986235,2819.302658,2870.112703,189.7670405,189.7670405,0,2910.877287,0,64.95345113,-15.47668844,-70.26680191,-15.47668844,0,0,0,-3.026359004,26.22583112,-0.816627875,0,0,2247.519528,0,-425.4281246,-10.68115342,0,0,-436.109278,-425.4281246,-425.4281246,0,0
